From SkillID,To KnowledgeID,Score
Skill_786,Know_179,1.17
Skill_786,Know_90,1.17
Skill_62,Know_108,1.32
Skill_5891,Know_294,1.99
Skill_5891,Know_219,1.99
Skill_5891,Know_300,1.42
Skill_6140,Know_331,1.17
Skill_6140,Know_312,1.17
Skill_5099,Know_265,1.17
Skill_872,Know_51,1.96
Skill_1841,Know_234,1.38
Skill_1841,Know_124,1.1
Skill_2992,Know_276,1.3
Skill_190,Know_263,2.25
Skill_190,Know_198,2.25
Skill_190,Know_321,2.25
Skill_190,Know_326,2.25
Skill_190,Know_314,2.25
Skill_3410,Know_296,3.76
Skill_4570,Know_298,3.9
Skill_100,Know_302,1.3
Skill_1653,Know_226,1.29
Skill_2286,Know_234,1.42
Skill_2286,Know_18,1.24
Skill_2286,Know_16,1.24
Skill_1433,Know_1,2.32
Skill_1433,Know_27,1.93
Skill_1433,Know_75,2.32
Skill_165,Know_149,1.54
Skill_1746,Know_254,1.98
Skill_1746,Know_57,3.32
Skill_1746,Know_56,1.98
Skill_1746,Know_189,1.98
Skill_2082,Know_16,1.17
Skill_2082,Know_18,1.17
Skill_3847,Know_210,1.29
Skill_3020,Know_7,1.45
Skill_3020,Know_41,1.45
Skill_3020,Know_28,1.45
Skill_3020,Know_6,1.45
Skill_3020,Know_96,1.45
Skill_3020,Know_70,1.45
Skill_3020,Know_2,1.45
Skill_2580,Know_41,1.45
Skill_2580,Know_70,1.45
Skill_2580,Know_28,1.45
Skill_2580,Know_6,1.45
Skill_2580,Know_96,1.45
Skill_2580,Know_2,1.45
Skill_2580,Know_7,1.45
Skill_415,Know_73,5.83
Skill_415,Know_13,5.83
Skill_3715,Know_215,1.3
Skill_3794,Know_56,1.53
Skill_3794,Know_254,1.53
Skill_3794,Know_57,1.53
Skill_3794,Know_189,1.53
Skill_1893,Know_49,3.34
Skill_1893,Know_47,3.34
Skill_1893,Know_259,3.34
Skill_1893,Know_32,3.34
Skill_1893,Know_48,3.34
Skill_2028,Know_144,1.24
Skill_2028,Know_151,1.24
Skill_696,Know_303,1.88
Skill_3394,Know_163,1.17
Skill_2617,Know_203,1.13
Skill_2617,Know_179,1.41
Skill_2617,Know_226,1.41
Skill_2617,Know_197,1.41
Skill_3509,Know_125,1.17
Skill_28,Know_288,3.87
Skill_28,Know_233,3.87
Skill_28,Know_249,3.87
Skill_4564,Know_163,1.24
Skill_4564,Know_130,1.42
Skill_649,Know_130,1.3
Skill_3902,Know_189,1.53
Skill_3902,Know_56,1.53
Skill_3902,Know_57,1.53
Skill_3902,Know_254,1.53
Skill_4200,Know_303,1.14
Skill_167,Know_215,3.11
Skill_167,Know_193,3.11
Skill_167,Know_236,3.11
Skill_167,Know_102,3.11
Skill_167,Know_231,3.11
Skill_167,Know_178,3.11
Skill_1785,Know_266,1.35
Skill_3962,Know_345,4.04
Skill_2012,Know_245,4.59
Skill_4140,Know_77,1.15
Skill_4140,Know_70,1.73
Skill_4140,Know_111,1.15
Skill_4140,Know_2,1.73
Skill_4140,Know_7,1.73
Skill_4140,Know_51,1.15
Skill_4140,Know_6,1.73
Skill_4140,Know_41,1.73
Skill_4140,Know_96,1.73
Skill_4140,Know_277,1.15
Skill_4140,Know_28,1.73
Skill_4322,Know_219,1.1
Skill_4322,Know_294,1.1
Skill_5064,Know_6,1.45
Skill_5064,Know_41,1.45
Skill_5064,Know_96,1.45
Skill_5064,Know_70,1.45
Skill_5064,Know_28,1.45
Skill_5064,Know_7,1.45
Skill_5064,Know_2,1.45
Skill_2059,Know_23,6.23
Skill_3296,Know_288,2.66
Skill_3296,Know_249,2.66
Skill_218,Know_296,1.1
Skill_182,Know_18,1.24
Skill_182,Know_16,1.24
Skill_182,Know_300,1.42
Skill_3688,Know_69,1.3
Skill_5280,Know_226,1.25
Skill_5280,Know_179,1.25
Skill_5280,Know_197,1.25
Skill_648,Know_300,5.51
Skill_6110,Know_300,1.3
Skill_4442,Know_98,1.3
Skill_5449,Know_303,1.88
Skill_107,Know_68,2.91
Skill_616,Know_246,1.3
Skill_4312,Know_66,3.9
Skill_1515,Know_340,1.17
Skill_1515,Know_147,1.17
Skill_1515,Know_135,1.17
Skill_1515,Know_85,1.17
Skill_1515,Know_282,1.17
Skill_1515,Know_131,4.13
Skill_1515,Know_284,1.17
Skill_1515,Know_170,4.13
Skill_1515,Know_119,1.17
Skill_1515,Know_159,1.17
Skill_1515,Know_114,1.17
Skill_1515,Know_283,1.17
Skill_1515,Know_100,2.14
Skill_1515,Know_97,1.17
Skill_1515,Know_146,1.17
Skill_1515,Know_77,1.17
Skill_1515,Know_67,1.17
Skill_1515,Know_343,1.17
Skill_1515,Know_162,1.17
Skill_1515,Know_145,1.17
Skill_1515,Know_103,2.14
Skill_1906,Know_302,1.3
Skill_3214,Know_300,1.52
Skill_3973,Know_317,1.54
Skill_189,Know_95,1.92
Skill_189,Know_82,1.92
Skill_1711,Know_1,1.31
Skill_1711,Know_75,1.31
Skill_4567,Know_130,1.38
Skill_4567,Know_300,1.38
Skill_5256,Know_88,1.29
Skill_5256,Know_179,2.58
Skill_3336,Know_28,1.76
Skill_335,Know_81,1.11
Skill_335,Know_151,1.2
Skill_335,Know_82,1.11
Skill_335,Know_144,1.2
Skill_335,Know_95,1.11
Skill_673,Know_303,2.19
Skill_1495,Know_350,2.63
Skill_1495,Know_292,2.63
Skill_1495,Know_350,2.63
Skill_1633,Know_183,1.3
Skill_6118,Know_352,1.1
Skill_6118,Know_154,1.1
Skill_6118,Know_121,1.1
Skill_439,Know_302,1.3
Skill_5135,Know_16,1.3
Skill_5996,Know_13,1.99
Skill_5996,Know_20,1.42
Skill_5996,Know_73,1.99
Skill_4466,Know_337,4.32
Skill_4466,Know_330,1.19
Skill_4466,Know_324,1.19
Skill_5521,Know_234,1.84
Skill_302,Know_218,1.17
Skill_302,Know_201,1.17
Skill_1400,Know_94,1.15
Skill_1400,Know_256,1.15
Skill_1400,Know_158,1.15
Skill_1400,Know_192,1.15
Skill_1400,Know_43,1.15
Skill_3512,Know_222,3.9
Skill_5448,Know_120,1.37
Skill_236,Know_81,1.15
Skill_236,Know_82,1.15
Skill_236,Know_95,1.15
Skill_1993,Know_103,1.62
Skill_1993,Know_170,1.62
Skill_1993,Know_100,1.62
Skill_1993,Know_131,1.62
Skill_5567,Know_191,1.42
Skill_1908,Know_303,1.88
Skill_1514,Know_300,1.3
Skill_2416,Know_300,1.72
Skill_2351,Know_197,1.99
Skill_4240,Know_74,2.09
Skill_1347,Know_300,1.3
Skill_5694,Know_18,1.17
Skill_5694,Know_16,1.17
Skill_499,Know_303,2.19
Skill_2740,Know_302,1.3
Skill_163,Know_275,6.23
Skill_1865,Know_131,2.24
Skill_1865,Know_170,2.24
Skill_1865,Know_100,1.16
Skill_1865,Know_103,1.16
Skill_993,Know_309,1.3
Skill_5949,Know_68,1.68
Skill_3807,Know_324,1.3
Skill_2530,Know_192,1.93
Skill_1050,Know_300,1.69
Skill_1379,Know_1,4.15
Skill_1379,Know_75,4.15
Skill_5014,Know_287,1.48
Skill_373,Know_309,1.3
Skill_2608,Know_88,2.09
Skill_4365,Know_153,1.1
Skill_4365,Know_144,1.38
Skill_4365,Know_151,1.38
Skill_3284,Know_68,1.13
Skill_2326,Know_163,5.33
Skill_2516,Know_302,1.3
Skill_75,Know_228,6.23
Skill_2429,Know_116,1.36
Skill_6068,Know_140,1.48
Skill_1556,Know_179,1.59
Skill_2884,Know_210,1.17
Skill_1395,Know_83,1.17
Skill_1395,Know_4,1.17
Skill_1196,Know_349,1.3
Skill_4014,Know_255,1.3
Skill_3946,Know_56,1.53
Skill_3946,Know_254,1.53
Skill_3946,Know_189,1.53
Skill_3946,Know_57,1.53
Skill_2550,Know_83,1.17
Skill_2550,Know_4,1.17
Skill_5739,Know_302,1.3
Skill_3814,Know_246,1.3
Skill_1405,Know_227,2.28
Skill_1405,Know_207,1.24
Skill_2727,Know_16,5.33
Skill_2727,Know_18,1.24
Skill_2085,Know_21,1.24
Skill_3786,Know_226,1.82
Skill_5906,Know_218,1.3
Skill_2124,Know_6,1.45
Skill_2124,Know_70,1.45
Skill_2124,Know_2,1.45
Skill_2124,Know_7,1.45
Skill_2124,Know_96,1.45
Skill_2124,Know_41,1.45
Skill_2124,Know_28,1.45
Skill_2820,Know_260,1.26
Skill_2820,Know_328,1.58
Skill_253,Know_235,1.26
Skill_253,Know_185,1.26
Skill_253,Know_290,1.26
Skill_253,Know_230,1.26
Skill_253,Know_289,1.26
Skill_1760,Know_230,1.31
Skill_1760,Know_289,1.31
Skill_1760,Know_235,3.92
Skill_1760,Know_290,1.31
Skill_1760,Know_185,1.31
Skill_603,Know_264,3.64
Skill_603,Know_244,3.64
Skill_5867,Know_226,1.12
Skill_5867,Know_90,1.35
Skill_5867,Know_179,4.93
Skill_5867,Know_197,1.12
Skill_2485,Know_90,1.17
Skill_2485,Know_179,1.17
Skill_265,Know_349,3.9
Skill_3910,Know_184,4.59
Skill_2102,Know_14,1.77
Skill_3036,Know_57,1.82
Skill_3036,Know_254,1.82
Skill_3036,Know_56,1.82
Skill_3036,Know_189,1.82
Skill_3036,Know_231,1.13
Skill_2526,Know_277,1.27
Skill_2526,Know_51,1.27
Skill_2526,Know_77,4.04
Skill_2526,Know_281,1.27
Skill_2526,Know_111,1.27
Skill_3924,Know_56,1.2
Skill_400,Know_28,1.9
Skill_400,Know_73,1.21
Skill_400,Know_13,1.21
Skill_4943,Know_196,1.3
Skill_4943,Know_240,1.3
Skill_2209,Know_223,1.41
Skill_2209,Know_99,1.13
Skill_1784,Know_56,1.89
Skill_5702,Know_163,1.17
Skill_2877,Know_300,1.3
Skill_743,Know_302,1.3
Skill_4824,Know_245,1.38
Skill_5102,Know_304,1.5
Skill_3209,Know_16,1.55
Skill_3209,Know_18,1.55
Skill_4718,Know_310,1.29
Skill_4718,Know_280,1.29
Skill_4718,Know_238,1.29
Skill_2967,Know_287,1.3
Skill_4529,Know_179,2.76
Skill_1863,Know_302,1.3
Skill_4186,Know_254,1.53
Skill_4186,Know_189,1.53
Skill_4186,Know_57,1.53
Skill_4186,Know_56,1.53
Skill_2732,Know_203,1.44
Skill_2166,Know_158,1.17
Skill_2166,Know_192,1.17
Skill_2166,Know_43,1.17
Skill_2166,Know_94,1.17
Skill_2166,Know_256,1.17
Skill_6190,Know_287,1.3
Skill_1895,Know_300,1.3
Skill_255,Know_214,4.07
Skill_255,Know_288,4.07
Skill_255,Know_249,4.07
Skill_4174,Know_196,1.3
Skill_4174,Know_240,1.3
Skill_2584,Know_302,1.3
Skill_3686,Know_28,1.76
Skill_49,Know_350,2.63
Skill_49,Know_350,2.63
Skill_49,Know_292,2.63
Skill_5392,Know_44,2.31
Skill_4619,Know_210,1.19
Skill_1303,Know_200,1.12
Skill_5244,Know_144,1.2
Skill_5244,Know_151,1.2
Skill_5244,Know_231,1.11
Skill_3254,Know_206,3.9
Skill_1922,Know_303,1.11
Skill_6202,Know_71,2.09
Skill_2190,Know_71,2.09
Skill_4582,Know_163,1.17
Skill_667,Know_108,2.64
Skill_667,Know_109,2.08
Skill_1286,Know_163,1.17
Skill_3320,Know_201,1.37
Skill_346,Know_28,1.9
Skill_346,Know_13,1.21
Skill_346,Know_73,1.21
Skill_606,Know_169,1.17
Skill_1139,Know_16,1.41
Skill_1139,Know_18,1.41
Skill_3367,Know_154,1.1
Skill_3367,Know_20,1.38
Skill_1689,Know_72,2.09
Skill_3811,Know_246,1.69
Skill_356,Know_179,1.17
Skill_356,Know_90,1.17
Skill_669,Know_108,1.25
Skill_669,Know_109,4.24
Skill_3718,Know_317,1.27
Skill_3718,Know_336,4.72
Skill_3718,Know_311,1.27
Skill_77,Know_42,1.95
Skill_77,Know_107,1.95
Skill_2293,Know_16,1.17
Skill_2293,Know_18,1.17
Skill_402,Know_144,4.17
Skill_402,Know_151,1.32
Skill_3169,Know_144,1.93
Skill_4837,Know_7,1.78
Skill_4837,Know_96,1.78
Skill_4837,Know_70,1.78
Skill_4837,Know_28,1.78
Skill_4837,Know_41,1.78
Skill_4837,Know_6,1.78
Skill_4837,Know_2,1.78
Skill_4855,Know_79,1.3
Skill_3228,Know_302,1.3
Skill_502,Know_49,1.17
Skill_502,Know_104,1.17
Skill_2242,Know_18,1.17
Skill_2242,Know_16,1.17
Skill_108,Know_302,5.51
Skill_4472,Know_74,2.09
Skill_63,Know_219,1.88
Skill_63,Know_294,1.88
Skill_6253,Know_287,1.3
Skill_1945,Know_151,1.18
Skill_1945,Know_170,1.88
Skill_1945,Know_100,1.88
Skill_1945,Know_144,1.18
Skill_1945,Know_131,1.88
Skill_1945,Know_103,1.88
Skill_2805,Know_345,1.35
Skill_3029,Know_28,1.76
Skill_591,Know_304,2.92
Skill_305,Know_82,1.23
Skill_305,Know_95,1.23
Skill_4173,Know_111,1.13
Skill_4173,Know_277,1.13
Skill_4173,Know_189,1.82
Skill_4173,Know_56,1.82
Skill_4173,Know_254,1.82
Skill_4173,Know_57,1.82
Skill_4173,Know_77,1.13
Skill_4606,Know_130,1.3
Skill_624,Know_152,3.9
Skill_1417,Know_144,1.28
Skill_1417,Know_151,1.28
Skill_175,Know_302,1.3
Skill_4704,Know_303,1.88
Skill_117,Know_94,1.28
Skill_117,Know_256,1.28
Skill_117,Know_192,4.02
Skill_117,Know_43,1.28
Skill_117,Know_158,1.28
Skill_148,Know_107,1.79
Skill_148,Know_42,1.79
Skill_149,Know_250,3.88
Skill_149,Know_208,3.88
Skill_3745,Know_218,1.24
Skill_3745,Know_234,1.42
Skill_3745,Know_201,1.24
Skill_171,Know_163,1.48
Skill_1507,Know_221,1.3
Skill_631,Know_303,1.88
Skill_2152,Know_238,1.48
Skill_260,Know_68,1.68
Skill_1267,Know_163,1.17
Skill_6157,Know_265,1.29
Skill_6157,Know_303,2.06
Skill_956,Know_183,1.3
Skill_1868,Know_100,1.79
Skill_1868,Know_103,1.79
Skill_1868,Know_131,1.79
Skill_1868,Know_170,1.79
Skill_3672,Know_169,1.17
Skill_5207,Know_79,1.3
Skill_4128,Know_196,2.67
Skill_4128,Know_240,2.67
Skill_3883,Know_226,1.82
Skill_4659,Know_26,1.17
Skill_4659,Know_115,1.17
Skill_2510,Know_183,1.5
Skill_4135,Know_31,2.47
Skill_4135,Know_268,2.47
Skill_1809,Know_28,1.76
Skill_3870,Know_254,1.89
Skill_3870,Know_189,1.89
Skill_3870,Know_56,1.89
Skill_3870,Know_57,1.89
Skill_2547,Know_90,1.17
Skill_2547,Know_179,1.17
Skill_5536,Know_120,1.17
Skill_1573,Know_88,6.23
Skill_2474,Know_28,1.76
Skill_3731,Know_353,1.47
Skill_18,Know_166,3.9
Skill_557,Know_33,6.23
Skill_3838,Know_352,1.62
Skill_3838,Know_154,1.62
Skill_3838,Know_121,1.62
Skill_5269,Know_28,3.12
Skill_3365,Know_20,3.9
Skill_3961,Know_300,3.9
Skill_119,Know_304,1.48
Skill_5474,Know_52,1.1
Skill_1658,Know_300,1.3
Skill_5542,Know_297,1.43
Skill_5542,Know_298,1.43
Skill_5542,Know_299,1.43
Skill_5542,Know_46,1.43
Skill_5542,Know_313,1.24
Skill_5542,Know_300,1.43
Skill_5542,Know_305,1.43
Skill_5319,Know_163,1.24
Skill_5319,Know_239,1.14
Skill_3221,Know_135,1.54
Skill_3702,Know_278,3.12
Skill_4601,Know_88,1.18
Skill_2570,Know_191,1.3
Skill_5769,Know_302,1.3
Skill_6312,Know_88,2.09
Skill_3425,Know_163,1.17
Skill_1727,Know_329,1.22
Skill_1859,Know_154,1.62
Skill_1859,Know_352,1.62
Skill_1859,Know_121,1.62
Skill_307,Know_166,1.3
Skill_5013,Know_265,1.17
Skill_1449,Know_287,1.3
,Know_130,1.3
Skill_2940,Know_300,1.3
Skill_5252,Know_88,2.09
Skill_703,Know_6,1.45
Skill_703,Know_7,1.45
Skill_703,Know_70,1.45
Skill_703,Know_41,1.45
Skill_703,Know_28,1.45
Skill_703,Know_96,1.45
Skill_703,Know_2,1.45
Skill_357,Know_351,1.3
Skill_4037,Know_305,4.12
Skill_1099,Know_56,1.55
Skill_5762,Know_70,1.45
Skill_5762,Know_96,1.45
Skill_5762,Know_28,1.45
Skill_5762,Know_6,1.45
Skill_5762,Know_2,1.45
Skill_5762,Know_41,1.45
Skill_5762,Know_7,1.45
Skill_6119,Know_222,1.3
Skill_2861,Know_246,1.3
Skill_4452,Know_303,2.36
Skill_976,Know_31,1.32
Skill_976,Know_268,1.32
Skill_976,Know_115,1.32
Skill_976,Know_55,1.32
Skill_1525,Know_300,1.3
Skill_1782,Know_16,1.37
Skill_1782,Know_57,1.7
Skill_1782,Know_18,1.37
Skill_1782,Know_56,1.7
Skill_1782,Know_189,1.7
Skill_1782,Know_254,1.7
Skill_1598,Know_210,3.6
Skill_1914,Know_300,1.3
Skill_4094,Know_179,1.12
Skill_4094,Know_197,1.12
Skill_4094,Know_226,1.12
Skill_4094,Know_163,1.35
Skill_6207,Know_74,2.58
Skill_3038,Know_26,1.17
Skill_3038,Know_115,1.17
Skill_3463,Know_234,1.3
Skill_1757,Know_276,4.5
Skill_2495,Know_90,1.17
Skill_2495,Know_179,1.17
Skill_6277,Know_223,1.17
Skill_457,Know_303,1.99
Skill_457,Know_327,1.14
Skill_5884,Know_302,1.3
Skill_510,Know_28,1.76
Skill_1566,Know_95,1.92
Skill_1566,Know_82,1.92
Skill_5475,Know_71,2.09
Skill_2476,Know_254,2.1
Skill_2476,Know_56,2.1
Skill_2476,Know_189,2.1
Skill_2476,Know_57,2.1
Skill_4415,Know_140,1.52
Skill_1454,Know_5,5.83
Skill_1454,Know_101,5.83
Skill_2856,Know_189,1.7
Skill_2856,Know_254,1.7
Skill_2856,Know_303,2.19
Skill_2856,Know_56,1.7
Skill_2856,Know_57,1.7
Skill_3346,Know_63,4.64
Skill_2475,Know_349,1.48
Skill_6281,Know_246,1.48
Skill_1093,Know_163,1.56
Skill_3921,Know_57,1.53
Skill_3921,Know_189,1.53
Skill_3921,Know_254,1.53
Skill_3921,Know_56,1.53
Skill_1064,Know_89,4.7
Skill_164,Know_255,5.51
Skill_4119,Know_79,1.3
Skill_2665,Know_35,1.17
Skill_2665,Know_236,1.17
Skill_6108,Know_179,2.47
Skill_152,Know_179,2.76
Skill_6172,Know_317,1.3
Skill_3500,Know_252,1.27
Skill_3500,Know_80,1.27
Skill_3500,Know_182,1.27
Skill_396,Know_49,4.74
Skill_396,Know_104,4.74
Skill_1304,Know_303,1.88
Skill_6053,Know_234,1.3
Skill_1345,Know_172,6.23
Skill_1141,Know_16,1.17
Skill_1141,Know_18,1.17
Skill_1361,Know_83,1.17
Skill_1361,Know_4,1.17
Skill_5226,Know_303,2.33
Skill_6182,Know_309,1.38
Skill_6182,Know_323,1.1
Skill_4635,Know_163,1.17
Skill_4375,Know_64,1.3
Skill_2641,Know_28,1.76
Skill_2558,Know_201,1.17
Skill_2558,Know_218,1.17
Skill_3060,Know_254,1.53
Skill_3060,Know_56,1.53
Skill_3060,Know_189,1.53
Skill_3060,Know_57,1.53
Skill_5784,Know_64,1.3
Skill_5371,Know_81,1.72
Skill_4994,Know_234,1.3
Skill_111,Know_74,6.23
Skill_1861,Know_238,1.14
Skill_1861,Know_280,1.14
Skill_1861,Know_310,1.14
Skill_1939,Know_246,1.38
Skill_6005,Know_163,1.17
Skill_5337,Know_309,1.33
Skill_919,Know_215,4.99
Skill_785,Know_219,1.88
Skill_785,Know_294,1.88
Skill_1262,Know_300,1.3
Skill_3385,Know_79,1.38
Skill_3385,Know_212,1.38
Skill_951,Know_18,1.32
Skill_951,Know_16,1.32
Skill_4800,Know_28,4.1
Skill_2236,Know_287,1.3
Skill_4476,Know_140,1.3
Skill_1542,Know_273,1.36
Skill_4819,Know_28,1.76
Skill_113,Know_28,1.14
Skill_1366,Know_56,2.42
Skill_1890,Know_99,1.4
Skill_3446,Know_106,1.99
Skill_3446,Know_300,1.42
Skill_2741,Know_18,4.2
Skill_2741,Know_16,1.58
Skill_3553,Know_304,3.9
Skill_40,Know_196,2.93
Skill_40,Know_240,2.93
Skill_5564,Know_289,1.35
Skill_5564,Know_290,1.35
Skill_5564,Know_160,1.35
Skill_2455,Know_79,1.3
Skill_1085,Know_72,1.12
Skill_2853,Know_303,1.11
Skill_2840,Know_199,1.19
Skill_460,Know_303,1.88
Skill_3534,Know_189,1.82
Skill_3534,Know_75,1.13
Skill_3534,Know_57,1.82
Skill_3534,Know_254,1.82
Skill_3534,Know_56,1.82
Skill_3534,Know_1,1.13
Skill_2128,Know_176,4.74
Skill_4723,Know_218,1.35
Skill_4723,Know_131,1.79
Skill_4723,Know_100,1.79
Skill_4723,Know_170,1.79
Skill_4723,Know_201,1.35
Skill_4723,Know_103,1.79
Skill_3669,Know_65,4.76
Skill_4595,Know_130,1.3
Skill_47,Know_219,1.88
Skill_47,Know_294,1.88
Skill_4273,Know_152,1.3
Skill_3357,Know_68,1.68
Skill_3419,Know_163,1.17
Skill_927,Know_265,1.17
Skill_5559,Know_79,3.9
Skill_60,Know_234,1.38
Skill_60,Know_202,1.1
Skill_2343,Know_151,5.12
Skill_57,Know_17,3.48
Skill_1991,Know_103,2.25
Skill_1991,Know_131,2.25
Skill_1991,Know_100,3.93
Skill_1991,Know_170,2.25
Skill_721,Know_68,1.68
Skill_2374,Know_71,1.12
Skill_493,Know_28,1.76
Skill_2883,Know_81,1.72
Skill_4775,Know_183,1.3
Skill_3054,Know_131,1.73
Skill_3054,Know_103,1.73
Skill_3054,Know_170,1.73
Skill_3054,Know_100,1.73
Skill_4773,Know_196,1.3
Skill_3733,Know_53,1.24
Skill_3733,Know_298,1.57
Skill_3733,Know_46,1.57
Skill_3733,Know_299,1.57
Skill_3733,Know_55,1.24
Skill_3733,Know_300,1.57
Skill_3733,Know_344,1.24
Skill_3733,Know_297,1.57
Skill_3733,Know_305,1.57
Skill_3658,Know_79,1.3
Skill_5525,Know_181,1.1
Skill_5525,Know_74,2.2
Skill_1930,Know_1,1.33
Skill_1930,Know_75,1.33
Skill_4535,Know_219,1.3
Skill_5082,Know_79,1.3
Skill_1464,Know_88,1.12
Skill_1998,Know_161,4.78
Skill_4253,Know_18,1.17
Skill_4253,Know_16,1.17
Skill_3340,Know_71,1.12
Skill_328,Know_71,6.23
Skill_6244,Know_64,1.3
Skill_5084,Know_304,1.38
Skill_1401,Know_7,1.83
Skill_1401,Know_6,1.83
Skill_1401,Know_28,1.83
Skill_1401,Know_96,1.83
Skill_1401,Know_70,4.25
Skill_1401,Know_2,1.83
Skill_1401,Know_41,1.83
Skill_1012,Know_16,1.4
Skill_1012,Know_18,1.4
Skill_1666,Know_21,1.13
Skill_470,Know_179,1.62
Skill_3843,Know_218,1.29
Skill_3843,Know_201,1.29
Skill_3843,Know_16,1.29
Skill_3843,Know_18,1.29
Skill_5629,Know_252,1.1
Skill_5629,Know_285,1.1
Skill_5629,Know_81,2.27
Skill_5629,Know_52,1.1
Skill_2593,Know_210,1.47
Skill_3526,Know_179,1.3
Skill_3526,Know_197,1.3
Skill_3526,Know_226,1.3
Skill_1336,Know_28,1.76
Skill_6205,Know_60,1.4
Skill_5515,Know_228,2.09
Skill_1319,Know_1,2.08
Skill_1319,Know_75,4.42
Skill_3682,Know_64,4.94
Skill_5201,Know_16,1.3
Skill_4002,Know_304,2.84
Skill_1330,Know_239,1.19
Skill_5439,Know_121,1.62
Skill_5439,Know_154,1.62
Skill_5439,Know_352,1.62
Skill_329,Know_253,3.93
Skill_329,Know_68,1.13
Skill_3501,Know_252,1.27
Skill_3501,Know_80,1.27
Skill_3501,Know_182,1.27
Skill_5936,Know_303,1.88
Skill_5105,Know_73,1.88
Skill_5105,Know_13,1.88
Skill_401,Know_28,1.76
Skill_4637,Know_130,3.9
Skill_4162,Know_202,1.1
Skill_4162,Know_269,1.1
Skill_587,Know_222,1.3
Skill_4499,Know_16,1.3
Skill_1545,Know_90,1.24
Skill_1545,Know_179,1.24
Skill_1545,Know_302,1.42
Skill_5369,Know_223,1.24
Skill_6228,Know_189,1.53
Skill_6228,Know_57,1.53
Skill_6228,Know_254,1.53
Skill_6228,Know_56,1.53
Skill_2024,Know_26,1.4
Skill_2024,Know_115,1.4
Skill_3484,Know_302,3.9
Skill_443,Know_303,1.88
Skill_835,Know_304,1.38
Skill_1708,Know_192,1.31
Skill_1708,Know_158,1.31
Skill_1708,Know_43,1.31
Skill_1708,Know_94,1.31
Skill_1708,Know_256,1.31
Skill_1723,Know_56,3.87
Skill_1723,Know_57,2.13
Skill_1723,Know_254,2.13
Skill_1723,Know_189,3.87
Skill_1006,Know_179,1.41
Skill_1006,Know_203,1.13
Skill_1006,Know_197,1.41
Skill_1006,Know_226,1.41
Skill_1425,Know_227,6.23
Skill_1599,Know_90,1.17
Skill_1599,Know_179,1.17
Skill_4532,Know_303,1.88
Skill_4197,Know_222,1.48
Skill_455,Know_21,4.23
Skill_1469,Know_56,1.17
Skill_3184,Know_7,3.41
Skill_3184,Know_96,1.1
Skill_3184,Know_82,1.67
Skill_3680,Know_267,5.83
Skill_3680,Know_34,5.83
Skill_3887,Know_57,1.53
Skill_3887,Know_254,1.53
Skill_3887,Know_56,1.53
Skill_3887,Know_189,1.53
Skill_500,Know_153,3.14
Skill_500,Know_151,1.41
Skill_500,Know_144,1.41
Skill_3407,Know_326,3.9
Skill_2672,Know_194,3.03
Skill_2672,Know_290,3.03
Skill_2672,Know_289,3.03
Skill_2672,Know_14,3.03
Skill_2672,Know_21,3.03
Skill_2672,Know_230,3.03
Skill_1576,Know_219,1.3
Skill_4648,Know_16,1.17
Skill_4648,Know_18,1.17
Skill_1904,Know_137,4.28
Skill_2472,Know_350,5.15
Skill_2472,Know_350,5.15
Skill_2472,Know_292,5.15
Skill_4688,Know_201,1.17
Skill_4688,Know_218,1.17
Skill_3784,Know_71,2.09
Skill_5793,Know_71,2.2
Skill_5793,Know_16,1.38
Skill_1149,Know_234,1.3
Skill_6016,Know_234,1.3
Skill_4125,Know_311,1.45
Skill_4125,Know_317,1.45
Skill_4125,Know_336,1.45
Skill_1406,Know_82,2.53
Skill_1406,Know_7,2.53
Skill_1951,Know_179,2.47
Skill_513,Know_151,1.18
Skill_513,Know_179,1.18
Skill_513,Know_197,1.18
Skill_513,Know_226,1.18
Skill_513,Know_144,1.18
Skill_1476,Know_192,1.34
Skill_1476,Know_256,1.34
Skill_1476,Know_158,1.34
Skill_1476,Know_94,1.34
Skill_1476,Know_43,1.34
Skill_464,Know_273,1.14
Skill_464,Know_303,1.99
Skill_987,Know_90,1.17
Skill_987,Know_179,1.17
Skill_3252,Know_4,1.24
Skill_3252,Know_83,1.24
Skill_5572,Know_202,1.1
Skill_5572,Know_300,1.38
Skill_6285,Know_226,1.82
Skill_5918,Know_140,1.3
Skill_3927,Know_185,3.21
Skill_3927,Know_289,3.21
Skill_3927,Know_235,3.21
Skill_3927,Know_230,3.21
Skill_3927,Know_290,3.21
Skill_4043,Know_16,1.17
Skill_4043,Know_18,1.17
Skill_3028,Know_28,1.76
Skill_5342,Know_219,1.88
Skill_5342,Know_294,1.88
Skill_2011,Know_303,1.88
Skill_3611,Know_201,1.24
Skill_3611,Know_218,5.33
Skill_4196,Know_239,1.1
Skill_245,Know_68,1.25
Skill_1260,Know_255,1.3
Skill_5796,Know_103,1.62
Skill_5796,Know_131,1.62
Skill_5796,Know_100,1.62
Skill_5796,Know_170,1.62
Skill_3408,Know_326,1.3
Skill_2299,Know_255,1.3
Skill_3176,Know_125,1.17
Skill_282,Know_248,1.15
Skill_282,Know_181,1.16
Skill_282,Know_247,1.15
Skill_2844,Know_2,1.45
Skill_2844,Know_70,1.45
Skill_2844,Know_28,1.45
Skill_2844,Know_6,1.45
Skill_2844,Know_7,1.45
Skill_2844,Know_41,1.45
Skill_2844,Know_96,1.45
Skill_1897,Know_197,1.99
Skill_5180,Know_7,3.16
Skill_5180,Know_28,1.21
Skill_5180,Know_82,1.54
Skill_508,Know_106,5.83
Skill_314,Know_305,1.2
Skill_5148,Know_103,1.62
Skill_5148,Know_170,1.62
Skill_5148,Know_100,1.62
Skill_5148,Know_131,1.62
Skill_5303,Know_279,1.14
Skill_5303,Know_223,1.24
Skill_3653,Know_260,1.26
Skill_3653,Know_328,1.58
Skill_1203,Know_163,1.17
Skill_2467,Know_294,1.88
Skill_2467,Know_219,1.88
Skill_1987,Know_16,1.17
Skill_1987,Know_18,1.17
Skill_1107,Know_302,1.3
Skill_5203,Know_26,1.17
Skill_5203,Know_115,1.17
Skill_3392,Know_63,1.3
Skill_252,Know_303,2.19
Skill_6033,Know_103,1.62
Skill_6033,Know_170,1.62
Skill_6033,Know_100,1.62
Skill_6033,Know_131,1.62
Skill_5672,Know_196,3.9
Skill_5672,Know_240,3.9
Skill_191,Know_28,1.76
Skill_4227,Know_127,3.9
Skill_1185,Know_234,1.3
Skill_1878,Know_179,1.24
Skill_1878,Know_226,1.24
Skill_1878,Know_197,1.24
Skill_4658,Know_310,1.7
Skill_1018,Know_40,1.18
Skill_1018,Know_217,1.18
Skill_1018,Know_39,1.18
Skill_1018,Know_50,1.18
Skill_46,Know_323,1.19
Skill_1232,Know_121,1.62
Skill_1232,Know_352,1.62
Skill_1232,Know_154,1.62
Skill_1365,Know_57,1.53
Skill_1365,Know_56,1.53
Skill_1365,Know_189,1.53
Skill_1365,Know_254,1.53
Skill_704,Know_300,1.3
Skill_5516,Know_345,2.04
Skill_3898,Know_254,1.53
Skill_3898,Know_57,1.53
Skill_3898,Know_189,1.53
Skill_3898,Know_56,1.53
Skill_3522,Know_234,1.3
Skill_3633,Know_18,1.17
Skill_3633,Know_16,1.17
Skill_3860,Know_202,3.12
Skill_3521,Know_295,1.45
Skill_3687,Know_318,3.6
Skill_1322,Know_28,1.76
Skill_1051,Know_109,1.17
Skill_5423,Know_156,1.17
Skill_6330,Know_72,2.09
Skill_263,Know_303,5.83
Skill_3374,Know_179,1.17
Skill_3374,Know_90,1.17
Skill_1735,Know_154,1.62
Skill_1735,Know_352,1.62
Skill_1735,Know_121,1.62
Skill_3873,Know_189,1.53
Skill_3873,Know_57,1.53
Skill_3873,Know_254,1.53
Skill_3873,Know_56,1.53
Skill_2069,Know_115,1.17
Skill_2069,Know_26,1.17
Skill_3248,Know_30,1.13
Skill_3248,Know_176,1.13
Skill_3248,Know_175,1.13
Skill_3248,Know_178,1.13
Skill_3248,Know_177,1.13
Skill_5139,Know_7,1.76
Skill_5139,Know_82,1.76
Skill_4854,Know_20,2.21
Skill_4854,Know_71,1.37
Skill_425,Know_3,5.32
Skill_425,Know_217,5.32
Skill_2542,Know_51,1.79
Skill_681,Know_82,1.33
Skill_681,Know_95,1.33
Skill_681,Know_81,3.87
Skill_842,Know_98,1.3
Skill_547,Know_303,1.15
Skill_5116,Know_158,1.29
Skill_5116,Know_4,1.29
Skill_5116,Know_83,1.29
Skill_2167,Know_160,1.29
Skill_4594,Know_130,1.3
Skill_4705,Know_90,1.17
Skill_4705,Know_179,1.17
Skill_5257,Know_179,2.47
Skill_4556,Know_130,1.3
Skill_534,Know_303,2.28
Skill_467,Know_302,1.38
Skill_3351,Know_253,1.1
Skill_5950,Know_71,1.25
Skill_225,Know_300,1.3
Skill_1829,Know_279,1.7
Skill_5900,Know_71,2.09
Skill_4133,Know_323,4.76
Skill_6196,Know_140,1.38
Skill_6196,Know_45,2.2
Skill_3247,Know_305,1.43
Skill_3247,Know_298,1.43
Skill_3247,Know_299,4.89
Skill_3247,Know_300,1.43
Skill_3247,Know_46,1.43
Skill_3247,Know_297,1.43
Skill_4864,Know_95,2.02
Skill_4864,Know_82,2.02
Skill_1060,Know_300,1.54
Skill_6057,Know_302,1.3
Skill_4022,Know_18,1.24
Skill_4022,Know_16,1.24
Skill_1498,Know_350,1.17
Skill_1498,Know_350,1.17
Skill_1498,Know_292,1.17
Skill_2601,Know_16,1.3
Skill_180,Know_294,1.88
Skill_180,Know_219,1.88
Skill_3756,Know_44,1.5
Skill_5837,Know_303,1.88
Skill_2380,Know_294,1.99
Skill_2380,Know_296,1.14
Skill_2380,Know_219,1.99
Skill_2579,Know_42,1.12
Skill_2579,Know_107,1.12
Skill_5538,Know_69,1.48
Skill_463,Know_72,6.23
Skill_1432,Know_227,2.09
Skill_5881,Know_208,2.91
Skill_5881,Know_250,2.91
Skill_4396,Know_212,1.3
Skill_3191,Know_36,1.24
Skill_3191,Know_212,1.42
Skill_3690,Know_215,1.3
Skill_1078,Know_116,1.24
Skill_2349,Know_262,4.28
Skill_2349,Know_37,4.28
Skill_6059,Know_163,1.17
Skill_347,Know_5,1.21
Skill_347,Know_101,1.21
Skill_347,Know_28,1.9
Skill_3848,Know_210,3.8
Skill_6325,Know_13,1.88
Skill_6325,Know_73,1.88
Skill_5834,Know_2,1.45
Skill_5834,Know_96,1.45
Skill_5834,Know_28,1.45
Skill_5834,Know_7,1.45
Skill_5834,Know_70,1.45
Skill_5834,Know_6,1.45
Skill_5834,Know_41,1.45
Skill_4199,Know_303,1.88
Skill_2501,Know_253,1.76
Skill_2111,Know_6,1.93
Skill_2111,Know_41,1.93
Skill_2111,Know_70,1.93
Skill_2111,Know_28,1.93
Skill_2111,Know_96,1.93
Skill_2111,Know_7,1.93
Skill_2111,Know_2,1.93
Skill_181,Know_294,1.99
Skill_181,Know_181,1.14
Skill_181,Know_219,1.99
Skill_1455,Know_83,3.64
Skill_1455,Know_4,3.64
Skill_256,Know_28,1.9
Skill_2004,Know_120,1.4
Skill_2004,Know_118,1.12
Skill_4892,Know_163,1.3
Skill_2834,Know_16,1.3
Skill_3041,Know_226,1.82
Skill_680,Know_287,1.3
Skill_4139,Know_295,1.3
Skill_495,Know_245,1.38
Skill_495,Know_304,1.38
Skill_1473,Know_237,1.17
Skill_1929,Know_302,1.3
Skill_1474,Know_179,1.17
Skill_1474,Know_90,1.17
Skill_5338,Know_154,1.62
Skill_5338,Know_121,1.62
Skill_5338,Know_352,1.62
Skill_6232,Know_246,1.3
Skill_308,Know_88,1.12
Skill_4676,Know_226,1.82
Skill_1236,Know_300,1.3
Skill_650,Know_300,1.61
Skill_4366,Know_351,3.9
Skill_2452,Know_300,1.3
Skill_2461,Know_179,2.47
Skill_2393,Know_350,1.66
Skill_2393,Know_350,1.66
Skill_2393,Know_292,1.66
Skill_1977,Know_100,1.62
Skill_1977,Know_170,1.62
Skill_1977,Know_103,1.62
Skill_1977,Know_131,1.62
Skill_1222,Know_324,3.9
Skill_4408,Know_166,5.51
Skill_658,Know_40,1.14
Skill_658,Know_50,3.82
Skill_658,Know_217,1.14
Skill_658,Know_39,1.14
Skill_3016,Know_108,1.1
Skill_1274,Know_18,1.17
Skill_1274,Know_16,1.17
Skill_5167,Know_170,1.62
Skill_5167,Know_100,1.62
Skill_5167,Know_131,1.62
Skill_5167,Know_103,1.62
Skill_433,Know_346,1.25
Skill_1807,Know_296,1.19
Skill_169,Know_193,1.17
Skill_169,Know_178,1.17
Skill_169,Know_236,1.17
Skill_169,Know_215,1.17
Skill_169,Know_231,1.17
Skill_169,Know_102,1.17
Skill_3434,Know_13,1.88
Skill_3434,Know_73,1.88
Skill_1864,Know_79,1.3
Skill_224,Know_300,1.3
Skill_466,Know_18,3.64
Skill_466,Know_16,3.64
Skill_2655,Know_302,3.9
Skill_3606,Know_305,2.91
Skill_1983,Know_43,1.13
Skill_1983,Know_95,1.13
Skill_1983,Know_192,1.13
Skill_1983,Know_82,1.13
Skill_1983,Know_256,1.13
Skill_1983,Know_158,1.13
Skill_1983,Know_81,1.13
Skill_5183,Know_236,1.17
Skill_5183,Know_35,1.17
Skill_5838,Know_303,1.88
Skill_2406,Know_223,1.42
Skill_2406,Know_163,1.24
Skill_543,Know_129,1.34
Skill_543,Know_105,1.34
Skill_543,Know_221,1.34
Skill_543,Know_304,1.34
Skill_5045,Know_309,1.3
Skill_1339,Know_236,4.28
Skill_1339,Know_35,4.28
Skill_324,Know_108,1.1
Skill_324,Know_107,1.1
Skill_1646,Know_197,2.45
Skill_1646,Know_252,1.48
Skill_1646,Know_182,1.48
Skill_1646,Know_80,1.48
Skill_271,Know_287,1.38
Skill_2377,Know_179,2.47
Skill_5385,Know_351,2.55
Skill_3662,Know_318,1.34
Skill_3662,Know_307,1.34
Skill_3662,Know_327,4.02
Skill_3662,Know_11,1.34
Skill_3662,Know_306,1.34
Skill_3662,Know_348,1.34
Skill_3662,Know_260,1.34
Skill_3662,Know_329,1.34
Skill_2063,Know_245,1.38
Skill_4038,Know_166,1.59
Skill_2419,Know_252,1.27
Skill_2419,Know_80,1.27
Skill_2419,Know_182,1.27
Skill_3341,Know_20,1.61
Skill_5389,Know_96,1.45
Skill_5389,Know_70,1.45
Skill_5389,Know_7,1.45
Skill_5389,Know_28,1.45
Skill_5389,Know_41,1.45
Skill_5389,Know_6,1.45
Skill_5389,Know_2,1.45
Skill_3747,Know_79,1.3
Skill_6200,Know_219,1.88
Skill_6200,Know_294,1.88
Skill_3681,Know_261,3.64
Skill_3681,Know_273,2.91
Skill_4487,Know_16,1.38
Skill_4487,Know_255,1.38
Skill_221,Know_329,3.18
Skill_221,Know_307,3.18
Skill_221,Know_327,3.18
Skill_221,Know_318,3.18
Skill_221,Know_11,3.18
Skill_221,Know_306,3.18
Skill_221,Know_260,3.18
Skill_221,Know_348,3.18
Skill_2017,Know_197,4.11
Skill_2017,Know_226,1.34
Skill_2017,Know_179,1.34
Skill_5785,Know_303,1.88
Skill_5698,Know_125,1.17
Skill_5426,Know_287,1.42
Skill_5426,Know_156,1.24
Skill_251,Know_303,1.88
Skill_1697,Know_72,2.09
Skill_2815,Know_159,4.13
Skill_2815,Know_145,4.13
Skill_2815,Know_162,4.13
Skill_2815,Know_114,4.13
Skill_2203,Know_197,2.23
Skill_2203,Know_50,1.92
Skill_5503,Know_255,1.3
Skill_5397,Know_68,1.12
Skill_3932,Know_149,1.14
Skill_3932,Know_40,1.14
Skill_3932,Know_248,1.14
Skill_3932,Know_70,1.14
Skill_3932,Know_198,1.14
Skill_4380,Know_285,1.14
Skill_2277,Know_234,1.3
Skill_3053,Know_265,1.17
Skill_1375,Know_71,2.09
Skill_5951,Know_71,2.28
Skill_5951,Know_18,1.24
Skill_5951,Know_16,1.24
Skill_2251,Know_234,1.3
Skill_675,Know_331,1.17
Skill_675,Know_312,1.17
Skill_958,Know_149,1.11
Skill_958,Know_248,1.11
Skill_958,Know_40,1.11
Skill_958,Know_198,1.11
Skill_958,Know_70,1.11
Skill_2462,Know_69,3.9
Skill_2388,Know_128,3.12
Skill_608,Know_179,1.59
Skill_5254,Know_88,1.18
Skill_2101,Know_144,1.2
Skill_2101,Know_278,1.11
Skill_2101,Know_151,1.2
Skill_642,Know_231,1.31
Skill_199,Know_245,1.3
Skill_5492,Know_179,1.58
Skill_5492,Know_90,1.58
Skill_3429,Know_18,1.17
Skill_3429,Know_16,1.17
Skill_3590,Know_303,3.13
Skill_2376,Know_130,5.51
Skill_1992,Know_103,1.94
Skill_1992,Know_131,1.94
Skill_1992,Know_100,1.94
Skill_1992,Know_170,1.94
Skill_3539,Know_104,1.22
Skill_3539,Know_64,1.22
Skill_3539,Know_12,3.77
Skill_3539,Know_49,1.22
Skill_3539,Know_111,1.22
Skill_3137,Know_287,1.3
Skill_2683,Know_279,1.2
Skill_6278,Know_130,1.3
Skill_1220,Know_28,1.76
Skill_3201,Know_299,4.73
Skill_3201,Know_46,4.73
Skill_3201,Know_298,4.73
Skill_3201,Know_305,4.73
Skill_3201,Know_297,4.73
Skill_3201,Know_300,4.73
Skill_6049,Know_71,1.12
Skill_5353,Know_277,1.19
Skill_5353,Know_51,1.19
Skill_5353,Know_77,1.19
Skill_5353,Know_111,1.19
Skill_5353,Know_281,1.19
Skill_3709,Know_156,3.9
Skill_4027,Know_234,1.3
Skill_3382,Know_226,1.27
Skill_1075,Know_170,5.32
Skill_1075,Know_100,5.32
Skill_1075,Know_103,5.32
Skill_1075,Know_131,5.32
Skill_615,Know_303,2.26
Skill_3126,Know_179,1.17
Skill_3126,Know_90,1.17
Skill_1965,Know_300,1.3
Skill_3763,Know_201,1.24
Skill_3763,Know_218,1.24
Skill_4182,Know_208,2.14
Skill_4182,Know_250,2.14
Skill_322,Know_49,2.59
Skill_322,Know_104,2.59
Skill_3544,Know_28,1.76
Skill_3861,Know_264,1.24
Skill_3861,Know_244,1.24
Skill_3861,Know_116,1.14
Skill_352,Know_109,1.21
Skill_2186,Know_1,2.02
Skill_2186,Know_75,2.02
Skill_3533,Know_255,1.3
Skill_4680,Know_303,1.99
Skill_3567,Know_197,1.34
Skill_5210,Know_16,2.76
Skill_4168,Know_179,3.32
Skill_4168,Know_226,3.32
Skill_4168,Know_203,2.66
Skill_4168,Know_197,3.32
Skill_2878,Know_56,5.14
Skill_2878,Know_57,5.14
Skill_2878,Know_254,5.14
Skill_2878,Know_189,5.14
Skill_1065,Know_253,1.86
Skill_207,Know_202,1.1
Skill_1880,Know_181,1.19
Skill_5522,Know_305,1.54
Skill_5522,Know_299,1.54
Skill_5522,Know_46,1.54
Skill_5522,Know_298,1.54
Skill_5522,Know_300,1.54
Skill_5522,Know_297,1.54
Skill_2568,Know_183,1.3
Skill_5701,Know_130,1.3
Skill_4707,Know_302,1.89
Skill_5137,Know_83,1.17
Skill_5137,Know_4,1.17
Skill_5417,Know_151,1.12
Skill_5417,Know_106,2.15
Skill_5417,Know_144,1.12
Skill_2322,Know_255,1.61
Skill_1117,Know_144,1.23
Skill_1117,Know_151,1.23
Skill_2796,Know_7,1.9
Skill_1887,Know_16,1.3
Skill_1535,Know_88,2.37
Skill_1877,Know_30,4.74
Skill_1877,Know_268,1.12
Skill_215,Know_303,1.88
Skill_1587,Know_74,2.09
Skill_6213,Know_255,1.3
Skill_432,Know_20,4.42
Skill_4557,Know_208,1.93
Skill_4557,Know_250,1.93
Skill_3532,Know_108,1.1
Skill_3532,Know_234,1.38
Skill_187,Know_300,1.3
Skill_5454,Know_304,5.05
Skill_1550,Know_273,1.19
Skill_3679,Know_334,4.78
Skill_6000,Know_170,1.9
Skill_6000,Know_131,1.9
Skill_735,Know_95,1.34
Skill_735,Know_82,1.34
Skill_735,Know_81,1.34
Skill_1503,Know_234,1.3
Skill_3358,Know_153,1.11
Skill_3358,Know_151,1.39
Skill_3358,Know_144,1.39
Skill_4587,Know_302,1.3
Skill_2161,Know_16,1.43
Skill_2161,Know_18,1.43
Skill_3674,Know_120,1.5
Skill_3674,Know_118,1.2
Skill_559,Know_89,1.48
Skill_6026,Know_93,6.23
Skill_1460,Know_179,2.47
Skill_4851,Know_79,1.3
Skill_3415,Know_234,1.3
Skill_1035,Know_302,1.3
Skill_2730,Know_71,1.12
Skill_5529,Know_321,4.5
Skill_6050,Know_71,1.25
Skill_1619,Know_163,1.17
Skill_142,Know_137,3.64
Skill_5831,Know_300,1.5
Skill_1899,Know_276,1.3
Skill_729,Know_39,1.21
Skill_729,Know_50,1.21
Skill_729,Know_40,1.21
Skill_3497,Know_163,1.17
Skill_1594,Know_82,1.17
Skill_1594,Know_95,1.17
Skill_6201,Know_105,1.28
Skill_6201,Know_344,1.28
Skill_6201,Know_129,1.28
Skill_3683,Know_351,5.05
Skill_2147,Know_103,1.99
Skill_2147,Know_170,1.99
Skill_2147,Know_131,1.99
Skill_2147,Know_100,1.99
Skill_1522,Know_90,1.17
Skill_1522,Know_179,1.17
Skill_3150,Know_196,1.3
Skill_1040,Know_255,1.72
Skill_3113,Know_197,1.89
Skill_3480,Know_234,1.3
Skill_1130,Know_304,1.69
Skill_4686,Know_196,1.3
Skill_824,Know_300,1.3
Skill_5029,Know_199,1.35
Skill_567,Know_303,2.11
Skill_567,Know_311,1.19
Skill_567,Know_336,1.19
Skill_567,Know_317,1.19
Skill_1718,Know_36,4.28
Skill_1718,Know_208,1.24
Skill_3565,Know_300,1.3
Skill_3210,Know_226,1.82
Skill_4405,Know_144,1.24
Skill_630,Know_303,1.88
Skill_5329,Know_197,1.89
Skill_4600,Know_294,1.88
Skill_4600,Know_219,1.88
Skill_634,Know_88,2.28
Skill_634,Know_303,1.99
Skill_1643,Know_16,1.3
Skill_5779,Know_68,1.68
Skill_2809,Know_72,1.16
Skill_6141,Know_309,1.3
Skill_6082,Know_287,5.51
Skill_1975,Know_236,1.23
Skill_1975,Know_35,1.23
Skill_550,Know_82,1.19
Skill_550,Know_81,1.19
Skill_550,Know_95,1.19
Skill_3757,Know_351,1.15
Skill_3757,Know_6,1.73
Skill_3757,Know_7,1.73
Skill_3757,Know_96,1.73
Skill_3757,Know_28,1.73
Skill_3757,Know_41,1.73
Skill_3757,Know_2,1.73
Skill_3757,Know_336,1.15
Skill_3757,Know_70,1.73
Skill_3757,Know_347,1.15
Skill_1437,Know_16,1.3
Skill_395,Know_20,1.5
Skill_1253,Know_191,1.3
Skill_4536,Know_179,1.3
Skill_4536,Know_226,1.3
Skill_4536,Know_197,1.3
Skill_394,Know_289,1.22
Skill_394,Know_14,1.22
Skill_394,Know_230,1.22
Skill_394,Know_194,3.77
Skill_394,Know_290,1.22
Skill_394,Know_21,1.22
Skill_4634,Know_219,1.88
Skill_4634,Know_294,1.88
Skill_2640,Know_71,1.12
Skill_3485,Know_234,1.3
Skill_5162,Know_7,1.6
Skill_5162,Know_82,5.29
Skill_5162,Know_95,1.3
Skill_423,Know_252,2.41
Skill_423,Know_285,2.41
Skill_423,Know_143,2.41
Skill_423,Know_160,2.41
Skill_423,Know_52,2.41
Skill_1399,Know_28,1.76
Skill_5429,Know_144,1.12
Skill_5429,Know_151,1.12
Skill_5429,Know_179,1.35
Skill_5429,Know_90,1.35
Skill_1416,Know_201,3.64
Skill_1416,Know_200,2.55
Skill_2138,Know_223,1.3
Skill_4774,Know_130,1.3
Skill_303,Know_8,6.23
Skill_2050,Know_116,1.24
Skill_4872,Know_90,1.46
Skill_4872,Know_179,1.46
Skill_6192,Know_221,2.55
Skill_3406,Know_223,1.17
Skill_5927,Know_302,1.3
Skill_237,Know_65,1.11
Skill_237,Know_38,1.11
Skill_237,Know_28,1.11
Skill_34,Know_294,5.83
Skill_34,Know_219,5.83
Skill_1555,Know_179,2.47
Skill_104,Know_63,3.9
Skill_364,Know_350,2.63
Skill_364,Know_350,2.63
Skill_364,Know_292,2.63
Skill_5839,Know_303,1.88
Skill_5248,Know_303,1.88
Skill_1518,Know_300,1.3
Skill_1511,Know_88,1.12
Skill_3589,Know_298,1.33
Skill_3589,Know_305,1.33
Skill_3589,Know_46,1.33
Skill_3589,Know_299,1.33
Skill_3589,Know_300,1.33
Skill_3589,Know_297,1.33
Skill_3985,Know_223,1.17
Skill_6012,Know_140,1.3
Skill_2751,Know_95,1.92
Skill_2751,Know_82,1.92
Skill_807,Know_300,1.3
Skill_3830,Know_72,2.09
Skill_937,Know_265,1.17
Skill_2980,Know_226,1.82
Skill_170,Know_303,1.99
Skill_170,Know_318,1.14
Skill_1589,Know_257,3.24
Skill_1589,Know_248,1.48
Skill_1589,Know_247,1.48
Skill_139,Know_27,3.79
Skill_833,Know_109,1.17
Skill_4478,Know_151,1.39
Skill_4478,Know_144,1.39
Skill_4478,Know_153,1.11
Skill_2288,Know_234,1.72
Skill_839,Know_303,1.88
Skill_205,Know_226,1.12
Skill_205,Know_179,4.93
Skill_205,Know_90,1.35
Skill_205,Know_197,1.12
Skill_32,Know_88,1.42
Skill_32,Know_95,2.02
Skill_32,Know_82,2.02
Skill_2525,Know_203,3.12
Skill_3483,Know_163,1.17
Skill_3554,Know_304,1.3
Skill_3068,Know_302,1.3
Skill_2979,Know_20,1.3
Skill_2482,Know_300,1.48
Skill_3352,Know_255,1.48
Skill_5295,Know_304,2.55
Skill_3700,Know_163,1.17
Skill_3222,Know_152,5.33
Skill_1410,Know_70,1.55
Skill_1410,Know_7,1.55
Skill_1410,Know_96,1.55
Skill_1410,Know_273,1.22
Skill_1410,Know_6,1.55
Skill_1410,Know_28,1.55
Skill_1410,Know_41,1.55
Skill_1410,Know_2,1.55
Skill_1090,Know_179,1.12
Skill_1090,Know_226,1.12
Skill_1090,Know_350,1.35
Skill_1090,Know_292,1.35
Skill_1090,Know_197,1.12
Skill_1090,Know_350,1.35
Skill_118,Know_28,1.76
Skill_74,Know_210,1.19
Skill_21,Know_288,1.19
Skill_21,Know_249,1.19
Skill_1958,Know_300,1.38
Skill_1958,Know_345,1.1
Skill_4383,Know_109,1.98
Skill_3239,Know_323,4.41
Skill_4113,Know_154,1.1
Skill_4113,Know_255,1.38
Skill_4856,Know_71,2.09
Skill_3660,Know_268,4.9
Skill_3660,Know_31,2.64
Skill_203,Know_60,4.64
Skill_1324,Know_75,1.93
Skill_6072,Know_294,1.88
Skill_6072,Know_219,1.88
Skill_3734,Know_344,1.15
Skill_3734,Know_53,4.8
Skill_3734,Know_55,1.15
Skill_3734,Know_308,1.25
Skill_4801,Know_71,2.09
Skill_1080,Know_196,5.21
Skill_1080,Know_241,1.15
Skill_1080,Know_240,1.15
Skill_209,Know_334,2.78
Skill_209,Know_161,2.78
Skill_209,Know_333,2.78
Skill_209,Know_332,2.78
Skill_209,Know_66,2.78
Skill_678,Know_303,1.88
Skill_228,Know_246,1.38
Skill_228,Know_210,1.1
Skill_3820,Know_246,1.61
Skill_2318,Know_179,2.47
Skill_2938,Know_151,1.34
Skill_2938,Know_144,1.34
Skill_188,Know_179,1.17
Skill_188,Know_90,1.17
Skill_6249,Know_55,1.2
Skill_6249,Know_278,1.11
Skill_6249,Know_31,1.2
Skill_6249,Know_115,1.2
Skill_6249,Know_268,1.2
Skill_763,Know_95,1.26
Skill_763,Know_81,1.26
Skill_763,Know_82,1.26
Skill_5869,Know_80,1.1
Skill_5428,Know_179,1.17
Skill_5428,Know_90,1.17
Skill_1031,Know_179,2.58
Skill_5382,Know_125,1.17
Skill_1876,Know_170,1.62
Skill_1876,Know_100,1.62
Skill_1876,Know_131,1.62
Skill_1876,Know_103,1.62
Skill_3474,Know_130,1.84
Skill_1533,Know_97,3.9
Skill_1655,Know_231,1.17
Skill_5069,Know_179,1.17
Skill_5069,Know_90,1.17
Skill_4123,Know_56,1.53
Skill_4123,Know_254,1.53
Skill_4123,Know_189,1.53
Skill_4123,Know_57,1.53
Skill_383,Know_154,4.41
Skill_1842,Know_75,1.18
Skill_1842,Know_1,1.18
Skill_446,Know_28,1.14
Skill_3867,Know_56,1.53
Skill_3867,Know_254,1.53
Skill_3867,Know_189,1.53
Skill_3867,Know_57,1.53
Skill_151,Know_17,1.45
Skill_5121,Know_104,1.18
Skill_5121,Know_49,1.18
Skill_5121,Know_12,1.18
Skill_5121,Know_64,1.18
Skill_5121,Know_111,1.18
Skill_1297,Know_16,1.3
Skill_2310,Know_12,1.65
Skill_3223,Know_300,1.3
Skill_1706,Know_310,3.84
Skill_1706,Know_238,1.26
Skill_1706,Know_280,1.26
Skill_1810,Know_88,1.12
Skill_854,Know_80,3.2
Skill_854,Know_252,3.2
Skill_854,Know_182,3.2
Skill_3685,Know_32,1.74
Skill_3685,Know_47,1.74
Skill_3685,Know_259,1.74
Skill_3685,Know_49,1.74
Skill_3685,Know_48,1.74
Skill_5726,Know_302,1.3
Skill_3822,Know_246,1.48
Skill_2632,Know_88,2.09
Skill_6239,Know_64,1.48
Skill_2372,Know_177,1.3
Skill_6247,Know_246,1.42
Skill_1066,Know_40,1.12
Skill_1066,Know_217,1.12
Skill_1066,Know_39,3.89
Skill_1066,Know_50,1.12
Skill_3411,Know_163,1.17
Skill_690,Know_179,1.2
Skill_690,Know_226,1.2
Skill_690,Know_231,1.11
Skill_690,Know_197,1.2
Skill_3238,Know_315,1.68
Skill_1385,Know_345,1.47
Skill_2383,Know_234,4.85
Skill_2746,Know_29,4.5
Skill_3655,Know_240,1.5
Skill_3655,Know_196,1.5
Skill_1819,Know_7,4.82
Skill_1819,Know_82,2.35
Skill_2039,Know_197,1.27
Skill_2039,Know_50,1.1
Skill_431,Know_9,6.23
Skill_2771,Know_90,2.64
Skill_2771,Know_89,2.64
Skill_2771,Know_95,2.64
Skill_2771,Know_82,2.64
Skill_2771,Know_27,2.64
Skill_206,Know_95,4.15
Skill_206,Know_81,1.24
Skill_206,Know_82,4.15
Skill_2435,Know_234,1.3
Skill_2109,Know_59,1.38
Skill_2109,Know_264,1.38
Skill_428,Know_109,1.17
Skill_2649,Know_179,1.23
Skill_2649,Know_197,1.23
Skill_2649,Know_226,1.23
Skill_155,Know_295,5.03
Skill_5535,Know_73,2.22
Skill_5535,Know_2,1.62
Skill_5535,Know_70,1.62
Skill_5535,Know_41,1.62
Skill_5535,Know_6,1.62
Skill_5535,Know_13,2.22
Skill_5535,Know_7,1.62
Skill_5535,Know_96,1.62
Skill_5535,Know_28,1.62
Skill_1387,Know_179,1.38
Skill_1387,Know_203,1.1
Skill_1387,Know_197,1.38
Skill_1387,Know_226,4.01
Skill_5523,Know_73,1.88
Skill_5523,Know_13,1.88
Skill_3330,Know_303,1.88
Skill_2531,Know_183,1.48
Skill_5467,Know_120,1.17
Skill_286,Know_335,1.17
Skill_1529,Know_90,1.17
Skill_1529,Know_179,1.17
Skill_2205,Know_218,1.17
Skill_2205,Know_201,1.17
Skill_3894,Know_71,2.09
Skill_1197,Know_179,2.47
Skill_5496,Know_154,1.14
